{
  "required": true,
  "compatibilityLevel": "JAVA_8",
  "package": "me.wolfsurge.mixin.mixins",
  "refmap": "mixins.radeon.refmap.json",
  "mixins": [
    "accessor.AccessorCPacketCloseWindow",
    "accessor.ICPacketUseEntity",
    "MixinBlock",
    "MixinBlockLiquid",
    "MixinBlockModelRenderer",
    "MixinBlockSlime",
    "MixinBlockSoulSand",
    "MixinEntity",
    "MixinEntityPlayer",
    "MixinEntityPlayerSP",
    "MixinEntityRenderer",
    "MixinGuiConnecting",
    "MixinGuiIngame",
    "MixinGuiMainMenu",
    "MixinGuiMultiplayer",
    "MixinGuiNewChat",
    "MixinGuiScreen",
    "MixinGuiToast",
    "MixinItemRenderer",
    "MixinRenderGlobal",
    "MixinMinecraft",
    "MixinMovementInputFromOptions",
    "MixinNetworkManager",
    "MixinPlayerControllerMP",
    "MixinRender",
    "MixinRenderEnderCrystal",
    "MixinRenderLivingBase",
    "MixinRenderPlayer",
    "MixinTileEntityRendererDispatcher",
    "MixinVisGraph"
  ]
}